Workbook

Sheet Portada
A1: Matriz de Trazabilidad (RTM)
A2: Pangea (tablero PP)
A4: Entregable | B4: Matriz de Responsabilidades de Documentación - rol Aseguramiento de Calidad (QA)
A5: Documentos que cubre | B5: Cada requisito de HT-06 del tablero PP contra la historia que lo implementa, los casos que lo verifican, su resultado y sus defectos.
A6: Responsable | B6: Elliot (JS en Jira), QA / Tester
A7: Versión | B7: 0.1
A8: Fecha de elaboración | B8: 28/10/2026 · Ronda 1 de HT-06 (un dia)
A9: Estado | B9: Borrador (X) En revisión ( ) Aprobado ( )
A10: Aprobado por | B10: Scrum Master / Product Owner de Pangea
A12: Cómo se usa este libro
A14: RTM | B14: Una fila por requisito. Un requisito sin casos es un hueco de cobertura, no un requisito aprobado. N casos y Cobertura se calculan solos.
A15: Historias | B15: Cruce historia → subtareas del tablero → requisitos. Sirve para el informe de cada sprint.
A16: Resumen | B16: Se calcula solo a partir de la hoja RTM. No escribir en ella.
A17: Mantenimiento | B17: Se actualiza cada vez que cambia algo: un caso se ejecuta o se reprueba (Estado de ejecución), un defecto cambia de estado (Observación), una historia cambia en el tablero (hoja Historias) o se agrega un requisito. El estado de un requisito solo cambia con una ejecución de QA, nunca por un commit.
A18: Casos de Prueba | B18: Van en archivo aparte: Casos_de_Prueba.xlsx (carpeta 02). Ahí está el detalle de cada CP que se cita en «Casos que lo cubren».
A19: Fuente casos y Fuente defectos | B19: Copia del ID, la historia y el estado de cada caso y defecto. La hoja Historias cuenta desde ahí. Se actualiza con sincronizar_rtm.py; no se edita a mano.
A20: Leyenda de Estado de ejecución
A22: Pendiente | B22: Todavía no se ejecuta.
A23: Aprobado | B23: El resultado obtenido coincide con el esperado.
A24: Fallido | B24: No coincide. Debe existir un número de defecto (DEF-xx) en la columna Defectos.
A25: Bloqueado | B25: No se pudo ejecutar por una causa externa: HU sin desarrollar, ambiente caído o dato no disponible.
A26: No aplica | B26: La funcionalidad no está en esta versión.
A28: Estado de ejecución del requisito
A30: Parcial (n/m) | B30: n de los m casos que lo cubren están aprobados.

Sheet RTM
A1: ID Requisito | B1: Requisito del cliente | C1: Origen | D1: Historia | E1: ID en backlog | F1: Prioridad | G1: Casos que lo cubren | H1: N casos | I1: Cobertura | J1: Estado de ejecución | K1: Defectos | L1: Observación | M1: Casos de regresión
A2: RQ-HT06-01 | B2: Despliegue de la API, los workers y el receptor FTP/TCP por imagenes Docker en el Container Service, un contenedor por componente (CA1) | C2: HT-06 · criterio de aceptacion | D2: HT-06 | E2: PP-125 | F2: Alta | G2: CP-001, CP-002, CP-003, CP-004, CP-005 | H2: =IF(TRIM(G2)="",IF(A2="","",0),LEN(G2)-LEN(SUBSTITUTE(G2,",",""))+1) | I2: =IF(A2="","",IF(N(H2)=0,"Sin cubrir","Cubierto")) | J2: Fallido | K2: DEF-03 | L2: — | M2: RG-03, RG-04
A3: RQ-HT06-02 | B3: PostgreSQL en modo privado, sin acceso desde internet (CA2) | C3: HT-06 · criterio de aceptacion | D3: HT-06 | E3: PP-126 | F3: Alta | G3: CP-006, CP-007, CP-008 | H3: =IF(TRIM(G3)="",IF(A3="","",0),LEN(G3)-LEN(SUBSTITUTE(G3,",",""))+1) | I3: =IF(A3="","",IF(N(H3)=0,"Sin cubrir","Cubierto")) | J3: Fallido | K3: DEF-01 | L3: — | M3: RG-01
A4: RQ-HT06-03 | B4: Archivos .dat y exportaciones persistidos en Object Storage y vivos tras un redeploy (CA3) | C4: HT-06 · criterio de aceptacion | D4: HT-06 | E4: PP-127 | F4: Alta | G4: CP-009, CP-010, CP-011, CP-012, CP-013 | H4: =IF(TRIM(G4)="",IF(A4="","",0),LEN(G4)-LEN(SUBSTITUTE(G4,",",""))+1) | I4: =IF(A4="","",IF(N(H4)=0,"Sin cubrir","Cubierto")) | J4: Parcial (1/5) | K4: — | L4: — | M4: —
A5: RQ-HT06-04 | B5: Respaldo semanal de la BD a Object Storage, cifrado, con retencion de 12 meses (CA4) | C5: HT-06 · criterio de aceptacion | D5: HT-06 | E5: PP-129 | F5: Alta | G5: CP-014, CP-015, CP-016, CP-017 | H5: =IF(TRIM(G5)="",IF(A5="","",0),LEN(G5)-LEN(SUBSTITUTE(G5,",",""))+1) | I5: =IF(A5="","",IF(N(H5)=0,"Sin cubrir","Cubierto")) | J5: Bloqueado | K5: — | L5: — | M5: —
A6: RQ-HT06-05 | B6: Cadena de conexion y credenciales por variables de entorno, sin aparecer en el codigo (CA5) | C6: HT-06 · criterio de aceptacion | D6: HT-06 | E6: PP-128 | F6: Alta | G6: CP-018, CP-019, CP-020, CP-021, CP-022, CP-023, CP-024 | H6: =IF(TRIM(G6)="",IF(A6="","",0),LEN(G6)-LEN(SUBSTITUTE(G6,",",""))+1) | I6: =IF(A6="","",IF(N(H6)=0,"Sin cubrir","Cubierto")) | J6: Fallido | K6: DEF-02 | L6: — | M6: RG-02
A7: RQ-HT06-06 | B7: Tres entornos separados: desarrollo, staging y produccion (procedimiento) | C7: HT-06 · criterio de aceptacion | D7: HT-06 | E7: — | F7: Media | G7: CP-025 | H7: =IF(TRIM(G7)="",IF(A7="","",0),LEN(G7)-LEN(SUBSTITUTE(G7,",",""))+1) | I7: =IF(A7="","",IF(N(H7)=0,"Sin cubrir","Cubierto")) | J7: Bloqueado | K7: — | L7: — | M7: —
A8: RQ-HT06-07 | B8: Umbral de migracion explicito a TimescaleDB (5 clientes activos o dashboard > 3 s) (procedimiento) | C8: HT-06 · criterio de aceptacion | D8: HT-06 | E8: — | F8: Media | G8: CP-026, CP-029 | H8: =IF(TRIM(G8)="",IF(A8="","",0),LEN(G8)-LEN(SUBSTITUTE(G8,",",""))+1) | I8: =IF(A8="","",IF(N(H8)=0,"Sin cubrir","Cubierto")) | J8: Parcial (1/2) | K8: — | L8: — | M8: —
A9: RQ-HT06-08 | B9: Restriccion de PostGIS documentada y poligonos como GeoJSON en columna JSON (v1.1) | C9: HT-06 · criterio de aceptacion | D9: HT-06 | E9: — | F9: Media | G9: CP-027, CP-028 | H9: =IF(TRIM(G9)="",IF(A9="","",0),LEN(G9)-LEN(SUBSTITUTE(G9,",",""))+1) | I9: =IF(A9="","",IF(N(H9)=0,"Sin cubrir","Cubierto")) | J9: Parcial (1/2) | K9: — | L9: — | M9: —
H10: =IF(TRIM(G10)="",IF(A10="","",0),LEN(G10)-LEN(SUBSTITUTE(G10,",",""))+1) | I10: =IF(A10="","",IF(N(H10)=0,"Sin cubrir","Cubierto"))
H11: =IF(TRIM(G11)="",IF(A11="","",0),LEN(G11)-LEN(SUBSTITUTE(G11,",",""))+1) | I11: =IF(A11="","",IF(N(H11)=0,"Sin cubrir","Cubierto"))
H12: =IF(TRIM(G12)="",IF(A12="","",0),LEN(G12)-LEN(SUBSTITUTE(G12,",",""))+1) | I12: =IF(A12="","",IF(N(H12)=0,"Sin cubrir","Cubierto"))
H13: =IF(TRIM(G13)="",IF(A13="","",0),LEN(G13)-LEN(SUBSTITUTE(G13,",",""))+1) | I13: =IF(A13="","",IF(N(H13)=0,"Sin cubrir","Cubierto"))
H14: =IF(TRIM(G14)="",IF(A14="","",0),LEN(G14)-LEN(SUBSTITUTE(G14,",",""))+1) | I14: =IF(A14="","",IF(N(H14)=0,"Sin cubrir","Cubierto"))
H15: =IF(TRIM(G15)="",IF(A15="","",0),LEN(G15)-LEN(SUBSTITUTE(G15,",",""))+1) | I15: =IF(A15="","",IF(N(H15)=0,"Sin cubrir","Cubierto"))
H16: =IF(TRIM(G16)="",IF(A16="","",0),LEN(G16)-LEN(SUBSTITUTE(G16,",",""))+1) | I16: =IF(A16="","",IF(N(H16)=0,"Sin cubrir","Cubierto"))
H17: =IF(TRIM(G17)="",IF(A17="","",0),LEN(G17)-LEN(SUBSTITUTE(G17,",",""))+1) | I17: =IF(A17="","",IF(N(H17)=0,"Sin cubrir","Cubierto"))
H18: =IF(TRIM(G18)="",IF(A18="","",0),LEN(G18)-LEN(SUBSTITUTE(G18,",",""))+1) | I18: =IF(A18="","",IF(N(H18)=0,"Sin cubrir","Cubierto"))
H19: =IF(TRIM(G19)="",IF(A19="","",0),LEN(G19)-LEN(SUBSTITUTE(G19,",",""))+1) | I19: =IF(A19="","",IF(N(H19)=0,"Sin cubrir","Cubierto"))
H20: =IF(TRIM(G20)="",IF(A20="","",0),LEN(G20)-LEN(SUBSTITUTE(G20,",",""))+1) | I20: =IF(A20="","",IF(N(H20)=0,"Sin cubrir","Cubierto"))
H21: =IF(TRIM(G21)="",IF(A21="","",0),LEN(G21)-LEN(SUBSTITUTE(G21,",",""))+1) | I21: =IF(A21="","",IF(N(H21)=0,"Sin cubrir","Cubierto"))
... H47: =IF(TRIM(G47)="",IF(A47="","",0),LEN(G47)-LEN(SUBSTITUTE(G47,",",""))+1) | I47: =IF(A47="","",IF(N(H47)=0,"Sin cubrir","Cubierto"))

Sheet Historias
A1: Historia | B1: HU | C1: Título | D1: Épica | E1: Estado en tablero | F1: Subtarea: casos | G1: Subtarea: ejecución | H1: Requisitos | I1: N requisitos | J1: Requisitos cubiertos | K1: Casos de la HU | L1: Casos aprobados | M1: Casos fallidos | N1: Casos bloqueados | O1: Defectos abiertos | P1: Veredicto | Q1: Por qué no pasa | R1: Código en dev
A2: HT-06 | B2: HT-06 | C2: Estrategia de despliegue e infraestructura en AWS Lightsail | D2: Infraestructura | E2: En curso | F2: Listo | G2: En curso | H2: RQ-HT06-01, RQ-HT06-02, RQ-HT06-03, RQ-HT06-04, RQ-HT06-05, RQ-HT06-06, RQ-HT06-07, RQ-HT06-08 | I2: =IF($A2="","",COUNTIF(RTM!D2:D200,A2)) | J2: =IF($A2="","",COUNTIFS(RTM!D2:D200,A2,RTM!I2:I200,"Cubierto")) | K2: =IF($A2="","",COUNTIF('Fuente casos'!$B$2:$B$500,$A2)) | L2: =IF($A2="","",COUNTIFS('Fuente casos'!$B$2:$B$500,$A2,'Fuente casos'!$C$2:$C$500,"Aprobado")) | M2: =IF($A2="","",COUNTIFS('Fuente casos'!$B$2:$B$500,$A2,'Fuente casos'!$C$2:$C$500,"Fallido")) | N2: =IF($A2="","",COUNTIFS('Fuente casos'!$B$2:$B$500,$A2,'Fuente casos'!$C$2:$C$500,"Bloqueado")) | O2: =IF($A2="","",COUNTIFS('Fuente defectos'!$B$2:$B$500,$A2,'Fuente defectos'!$A$2:$A$500,"DEF-*",'Fuente defectos'!$C$2:$C$500,"<>Cerrado",'Fuente defectos'!$C$2:$C$500,"<>Rechazado")) | P2: =IF($A2="","",IF(N(K2)=0,"Sin casos",IF(N(M2)+N(O2)>0,"No pasa",IF(N(L2)=N(K2),"Pasa","Pendiente")))) | Q2: DEF-01 (BD publica), DEF-02 (secretos en el historial) y DEF-03 (docker-compose); PP-127 y PP-129 no entregadas (PEN-02, PEN-03) y falta el receptor FTP/TCP (PEN-01) | R2: Despliegue activo con imagen api-b948aac.16 (commit b948aac); sin codigo de respaldo ni de Object Storage
I3: =IF($A3="","",COUNTIF(RTM!D2:D200,A3)) | J3: =IF($A3="","",COUNTIFS(RTM!D2:D200,A3,RTM!I2:I200,"Cubierto")) | K3: =IF($A3="","",COUNTIF('Fuente casos'!$B$2:$B$500,$A3)) | L3: =IF($A3="","",COUNTIFS('Fuente casos'!$B$2:$B$500,$A3,'Fuente casos'!$C$2:$C$500,"Aprobado")) | M3: =IF($A3="","",COUNTIFS('Fuente casos'!$B$2:$B$500,$A3,'Fuente casos'!$C$2:$C$500,"Fallido")) | N3: =IF($A3="","",COUNTIFS('Fuente casos'!$B$2:$B$500,$A3,'Fuente casos'!$C$2:$C$500,"Bloqueado")) | O3: =IF($A3="","",COUNTIFS('Fuente defectos'!$B$2:$B$500,$A3,'Fuente defectos'!$A$2:$A$500,"DEF-*",'Fuente defectos'!$C$2:$C$500,"<>Cerrado",'Fuente defectos'!$C$2:$C$500,"<>Rechazado")) | P3: =IF($A3="","",IF(N(K3)=0,"Sin casos",IF(N(M3)+N(O3)>0,"No pasa",IF(N(L3)=N(K3),"Pasa","Pendiente"))))
I4: =IF($A4="","",COUNTIF(RTM!D2:D200,A4)) | J4: =IF($A4="","",COUNTIFS(RTM!D2:D200,A4,RTM!I2:I200,"Cubierto")) | K4: =IF($A4="","",COUNTIF('Fuente casos'!$B$2:$B$500,$A4)) | L4: =IF($A4="","",COUNTIFS('Fuente casos'!$B$2:$B$500,$A4,'Fuente casos'!$C$2:$C$500,"Aprobado")) | M4: =IF($A4="","",COUNTIFS('Fuente casos'!$B$2:$B$500,$A4,'Fuente casos'!$C$2:$C$500,"Fallido")) | N4: =IF($A4="","",COUNTIFS('Fuente casos'!$B$2:$B$500,$A4,'Fuente casos'!$C$2:$C$500,"Bloqueado")) | O4: =IF($A4="","",COUNTIFS('Fuente defectos'!$B$2:$B$500,$A4,'Fuente defectos'!$A$2:$A$500,"DEF-*",'Fuente defectos'!$C$2:$C$500,"<>Cerrado",'Fuente defectos'!$C$2:$C$500,"<>Rechazado")) | P4: =IF($A4="","",IF(N(K4)=0,"Sin casos",IF(N(M4)+N(O4)>0,"No pasa",IF(N(L4)=N(K4),"Pasa","Pendiente"))))
I5: =IF($A5="","",COUNTIF(RTM!D2:D200,A5)) | J5: =IF($A5="","",COUNTIFS(RTM!D2:D200,A5,RTM!I2:I200,"Cubierto")) | K5: =IF($A5="","",COUNTIF('Fuente casos'!$B$2:$B$500,$A5)) | L5: =IF($A5="","",COUNTIFS('Fuente casos'!$B$2:$B$500,$A5,'Fuente casos'!$C$2:$C$500,"Aprobado")) | M5: =IF($A5="","",COUNTIFS('Fuente casos'!$B$2:$B$500,$A5,'Fuente casos'!$C$2:$C$500,"Fallido")) | N5: =IF($A5="","",COUNTIFS('Fuente casos'!$B$2:$B$500,$A5,'Fuente casos'!$C$2:$C$500,"Bloqueado")) | O5: =IF($A5="","",COUNTIFS('Fuente defectos'!$B$2:$B$500,$A5,'Fuente defectos'!$A$2:$A$500,"DEF-*",'Fuente defectos'!$C$2:$C$500,"<>Cerrado",'Fuente defectos'!$C$2:$C$500,"<>Rechazado")) | P5: =IF($A5="","",IF(N(K5)=0,"Sin casos",IF(N(M5)+N(O5)>0,"No pasa",IF(N(L5)=N(K5),"Pasa","Pendiente"))))
I6: =IF($A6="","",COUNTIF(RTM!D2:D200,A6)) | J6: =IF($A6="","",COUNTIFS(RTM!D2:D200,A6,RTM!I2:I200,"Cubierto")) | K6: =IF($A6="","",COUNTIF('Fuente casos'!$B$2:$B$500,$A6)) | L6: =IF($A6="","",COUNTIFS('Fuente casos'!$B$2:$B$500,$A6,'Fuente casos'!$C$2:$C$500,"Aprobado")) | M6: =IF($A6="","",COUNTIFS('Fuente casos'!$B$2:$B$500,$A6,'Fuente casos'!$C$2:$C$500,"Fallido")) | N6: =IF($A6="","",COUNTIFS('Fuente casos'!$B$2:$B$500,$A6,'Fuente casos'!$C$2:$C$500,"Bloqueado")) | O6: =IF($A6="","",COUNTIFS('Fuente defectos'!$B$2:$B$500,$A6,'Fuente defectos'!$A$2:$A$500,"DEF-*",'Fuente defectos'!$C$2:$C$500,"<>Cerrado",'Fuente defectos'!$C$2:$C$500,"<>Rechazado")) | P6: =IF($A6="","",IF(N(K6)=0,"Sin casos",IF(N(M6)+N(O6)>0,"No pasa",IF(N(L6)=N(K6),"Pasa","Pendiente"))))
I7: =IF($A7="","",COUNTIF(RTM!D2:D200,A7)) | J7: =IF($A7="","",COUNTIFS(RTM!D2:D200,A7,RTM!I2:I200,"Cubierto")) | K7: =IF($A7="","",COUNTIF('Fuente casos'!$B$2:$B$500,$A7)) | L7: =IF($A7="","",COUNTIFS('Fuente casos'!$B$2:$B$500,$A7,'Fuente casos'!$C$2:$C$500,"Aprobado")) | M7: =IF($A7="","",COUNTIFS('Fuente casos'!$B$2:$B$500,$A7,'Fuente casos'!$C$2:$C$500,"Fallido")) | N7: =IF($A7="","",COUNTIFS('Fuente casos'!$B$2:$B$500,$A7,'Fuente casos'!$C$2:$C$500,"Bloqueado")) | O7: =IF($A7="","",COUNTIFS('Fuente defectos'!$B$2:$B$500,$A7,'Fuente defectos'!$A$2:$A$500,"DEF-*",'Fuente defectos'!$C$2:$C$500,"<>Cerrado",'Fuente defectos'!$C$2:$C$500,"<>Rechazado")) | P7: =IF($A7="","",IF(N(K7)=0,"Sin casos",IF(N(M7)+N(O7)>0,"No pasa",IF(N(L7)=N(K7),"Pasa","Pendiente"))))
I8: =IF($A8="","",COUNTIF(RTM!D2:D200,A8)) | J8: =IF($A8="","",COUNTIFS(RTM!D2:D200,A8,RTM!I2:I200,"Cubierto")) | K8: =IF($A8="","",COUNTIF('Fuente casos'!$B$2:$B$500,$A8)) | L8: =IF($A8="","",COUNTIFS('Fuente casos'!$B$2:$B$500,$A8,'Fuente casos'!$C$2:$C$500,"Aprobado")) | M8: =IF($A8="","",COUNTIFS('Fuente casos'!$B$2:$B$500,$A8,'Fuente casos'!$C$2:$C$500,"Fallido")) | N8: =IF($A8="","",COUNTIFS('Fuente casos'!$B$2:$B$500,$A8,'Fuente casos'!$C$2:$C$500,"Bloqueado")) | O8: =IF($A8="","",COUNTIFS('Fuente defectos'!$B$2:$B$500,$A8,'Fuente defectos'!$A$2:$A$500,"DEF-*",'Fuente defectos'!$C$2:$C$500,"<>Cerrado",'Fuente defectos'!$C$2:$C$500,"<>Rechazado")) | P8: =IF($A8="","",IF(N(K8)=0,"Sin casos",IF(N(M8)+N(O8)>0,"No pasa",IF(N(L8)=N(K8),"Pasa","Pendiente"))))
I9: =IF($A9="","",COUNTIF(RTM!D2:D200,A9)) | J9: =IF($A9="","",COUNTIFS(RTM!D2:D200,A9,RTM!I2:I200,"Cubierto")) | K9: =IF($A9="","",COUNTIF('Fuente casos'!$B$2:$B$500,$A9)) | L9: =IF($A9="","",COUNTIFS('Fuente casos'!$B$2:$B$500,$A9,'Fuente casos'!$C$2:$C$500,"Aprobado")) | M9: =IF($A9="","",COUNTIFS('Fuente casos'!$B$2:$B$500,$A9,'Fuente casos'!$C$2:$C$500,"Fallido")) | N9: =IF($A9="","",COUNTIFS('Fuente casos'!$B$2:$B$500,$A9,'Fuente casos'!$C$2:$C$500,"Bloqueado")) | O9: =IF($A9="","",COUNTIFS('Fuente defectos'!$B$2:$B$500,$A9,'Fuente defectos'!$A$2:$A$500,"DEF-*",'Fuente defectos'!$C$2:$C$500,"<>Cerrado",'Fuente defectos'!$C$2:$C$500,"<>Rechazado")) | P9: =IF($A9="","",IF(N(K9)=0,"Sin casos",IF(N(M9)+N(O9)>0,"No pasa",IF(N(L9)=N(K9),"Pasa","Pendiente"))))
I10: =IF($A10="","",COUNTIF(RTM!D2:D200,A10)) | J10: =IF($A10="","",COUNTIFS(RTM!D2:D200,A10,RTM!I2:I200,"Cubierto")) | K10: =IF($A10="","",COUNTIF('Fuente casos'!$B$2:$B$500,$A10)) | L10: =IF($A10="","",COUNTIFS('Fuente casos'!$B$2:$B$500,$A10,'Fuente casos'!$C$2:$C$500,"Aprobado")) | M10: =IF($A10="","",COUNTIFS('Fuente casos'!$B$2:$B$500,$A10,'Fuente casos'!$C$2:$C$500,"Fallido")) | N10: =IF($A10="","",COUNTIFS('Fuente casos'!$B$2:$B$500,$A10,'Fuente casos'!$C$2:$C$500,"Bloqueado")) | O10: =IF($A10="","",COUNTIFS('Fuente defectos'!$B$2:$B$500,$A10,'Fuente defectos'!$A$2:$A$500,"DEF-*",'Fuente defectos'!$C$2:$C$500,"<>Cerrado",'Fuente defectos'!$C$2:$C$500,"<>Rechazado")) | P10: =IF($A10="","",IF(N(K10)=0,"Sin casos",IF(N(M10)+N(O10)>0,"No pasa",IF(N(L10)=N(K10),"Pasa","Pendiente"))))
I11: =IF($A11="","",COUNTIF(RTM!D2:D200,A11)) | J11: =IF($A11="","",COUNTIFS(RTM!D2:D200,A11,RTM!I2:I200,"Cubierto")) | K11: =IF($A11="","",COUNTIF('Fuente casos'!$B$2:$B$500,$A11)) | L11: =IF($A11="","",COUNTIFS('Fuente casos'!$B$2:$B$500,$A11,'Fuente casos'!$C$2:$C$500,"Aprobado")) | M11: =IF($A11="","",COUNTIFS('Fuente casos'!$B$2:$B$500,$A11,'Fuente casos'!$C$2:$C$500,"Fallido")) | N11: =IF($A11="","",COUNTIFS('Fuente casos'!$B$2:$B$500,$A11,'Fuente casos'!$C$2:$C$500,"Bloqueado")) | O11: =IF($A11="","",COUNTIFS('Fuente defectos'!$B$2:$B$500,$A11,'Fuente defectos'!$A$2:$A$500,"DEF-*",'Fuente defectos'!$C$2:$C$500,"<>Cerrado",'Fuente defectos'!$C$2:$C$500,"<>Rechazado")) | P11: =IF($A11="","",IF(N(K11)=0,"Sin casos",IF(N(M11)+N(O11)>0,"No pasa",IF(N(L11)=N(K11),"Pasa","Pendiente"))))
I12: =IF($A12="","",COUNTIF(RTM!D2:D200,A12)) | J12: =IF($A12="","",COUNTIFS(RTM!D2:D200,A12,RTM!I2:I200,"Cubierto")) | K12: =IF($A12="","",COUNTIF('Fuente casos'!$B$2:$B$500,$A12)) | L12: =IF($A12="","",COUNTIFS('Fuente casos'!$B$2:$B$500,$A12,'Fuente casos'!$C$2:$C$500,"Aprobado")) | M12: =IF($A12="","",COUNTIFS('Fuente casos'!$B$2:$B$500,$A12,'Fuente casos'!$C$2:$C$500,"Fallido")) | N12: =IF($A12="","",COUNTIFS('Fuente casos'!$B$2:$B$500,$A12,'Fuente casos'!$C$2:$C$500,"Bloqueado")) | O12: =IF($A12="","",COUNTIFS('Fuente defectos'!$B$2:$B$500,$A12,'Fuente defectos'!$A$2:$A$500,"DEF-*",'Fuente defectos'!$C$2:$C$500,"<>Cerrado",'Fuente defectos'!$C$2:$C$500,"<>Rechazado")) | P12: =IF($A12="","",IF(N(K12)=0,"Sin casos",IF(N(M12)+N(O12)>0,"No pasa",IF(N(L12)=N(K12),"Pasa","Pendiente"))))
I13: =IF($A13="","",COUNTIF(RTM!D2:D200,A13)) | J13: =IF($A13="","",COUNTIFS(RTM!D2:D200,A13,RTM!I2:I200,"Cubierto")) | K13: =IF($A13="","",COUNTIF('Fuente casos'!$B$2:$B$500,$A13)) | L13: =IF($A13="","",COUNTIFS('Fuente casos'!$B$2:$B$500,$A13,'Fuente casos'!$C$2:$C$500,"Aprobado")) | M13: =IF($A13="","",COUNTIFS('Fuente casos'!$B$2:$B$500,$A13,'Fuente casos'!$C$2:$C$500,"Fallido")) | N13: =IF($A13="","",COUNTIFS('Fuente casos'!$B$2:$B$500,$A13,'Fuente casos'!$C$2:$C$500,"Bloqueado")) | O13: =IF($A13="","",COUNTIFS('Fuente defectos'!$B$2:$B$500,$A13,'Fuente defectos'!$A$2:$A$500,"DEF-*",'Fuente defectos'!$C$2:$C$500,"<>Cerrado",'Fuente defectos'!$C$2:$C$500,"<>Rechazado")) | P13: =IF($A13="","",IF(N(K13)=0,"Sin casos",IF(N(M13)+N(O13)>0,"No pasa",IF(N(L13)=N(K13),"Pasa","Pendiente"))))
I14: =IF($A14="","",COUNTIF(RTM!D2:D200,A14)) | J14: =IF($A14="","",COUNTIFS(RTM!D2:D200,A14,RTM!I2:I200,"Cubierto")) | K14: =IF($A14="","",COUNTIF('Fuente casos'!$B$2:$B$500,$A14)) | L14: =IF($A14="","",COUNTIFS('Fuente casos'!$B$2:$B$500,$A14,'Fuente casos'!$C$2:$C$500,"Aprobado")) | M14: =IF($A14="","",COUNTIFS('Fuente casos'!$B$2:$B$500,$A14,'Fuente casos'!$C$2:$C$500,"Fallido")) | N14: =IF($A14="","",COUNTIFS('Fuente casos'!$B$2:$B$500,$A14,'Fuente casos'!$C$2:$C$500,"Bloqueado")) | O14: =IF($A14="","",COUNTIFS('Fuente defectos'!$B$2:$B$500,$A14,'Fuente defectos'!$A$2:$A$500,"DEF-*",'Fuente defectos'!$C$2:$C$500,"<>Cerrado",'Fuente defectos'!$C$2:$C$500,"<>Rechazado")) | P14: =IF($A14="","",IF(N(K14)=0,"Sin casos",IF(N(M14)+N(O14)>0,"No pasa",IF(N(L14)=N(K14),"Pasa","Pendiente"))))

Sheet Resumen
A1: Resumen de cobertura
A3: Se calcula solo. No escribir en esta hoja.
A5: Cobertura de requisitos
A6: Indicador | B6: Cantidad | C6: % del total
A7: Requisitos registrados | B7: =COUNTA(RTM!A2:A200)
A8: Requisitos cubiertos | B8: =COUNTIF(RTM!I2:I200,"Cubierto") | C8: =IF(B7=0,0,B8/B7)
A9: Requisitos sin cubrir | B9: =COUNTIF(RTM!I2:I200,"Sin cubrir") | C9: =IF(B7=0,0,B9/B7)
A11: Estado de ejecución
A12: Indicador | B12: Cantidad | C12: % del total
A13: Requisitos registrados | B13: =COUNTA(RTM!A2:A200)
A14: Pendiente | B14: =COUNTIF(RTM!J2:J200,"Pendiente") | C14: =IF(B13=0,0,B14/B13)
A15: Aprobado | B15: =COUNTIF(RTM!J2:J200,"Aprobado") | C15: =IF(B13=0,0,B15/B13)
A16: Fallido | B16: =COUNTIF(RTM!J2:J200,"Fallido") | C16: =IF(B13=0,0,B16/B13)
A17: Bloqueado | B17: =COUNTIF(RTM!J2:J200,"Bloqueado") | C17: =IF(B13=0,0,B17/B13)
A18: No aplica | B18: =COUNTIF(RTM!J2:J200,"No aplica") | C18: =IF(B13=0,0,B18/B13)
A19: Parcial | B19: =COUNTIF(RTM!J2:J200,"Parcial*") | C19: =IF(B13=0,0,B19/B13)
A21: Requisitos de prioridad Alta
A22: Indicador | B22: Cantidad | C22: % del total
A23: Requisitos de prioridad Alta | B23: =COUNTIF(RTM!F2:F200,"Alta")
A24: Prioridad Alta aprobados | B24: =COUNTIFS(RTM!F2:F200,"Alta",RTM!J2:J200,"Aprobado") | C24: =IF(B23=0,0,B24/B23)
A26: El detalle de casos aprobados, fallidos y pendientes está en Casos_de_Prueba.xlsx (carpeta 02).
A28: Criterio de cierre: ningún requisito sin cubrir y ninguno en estado Fallido.

Sheet Fuente casos
A1: ID | B1: Historia | C1: Estado | E1: Se llena con sincronizar_rtm.py desde el libro de origen. No editar a mano.
A2: CP-001 | B2: HT-06 | C2: Aprobado
A3: CP-002 | B3: HT-06 | C3: Aprobado
A4: CP-003 | B4: HT-06 | C4: Aprobado
A5: CP-004 | B5: HT-06 | C5: Fallido
A6: CP-005 | B6: HT-06 | C6: Bloqueado
A7: CP-006 | B7: HT-06 | C7: Fallido
A8: CP-007 | B8: HT-06 | C8: Fallido
A9: CP-008 | B9: HT-06 | C9: Fallido
A10: CP-009 | B10: HT-06 | C10: Aprobado
A11: CP-010 | B11: HT-06 | C11: Bloqueado
A12: CP-011 | B12: HT-06 | C12: Bloqueado
A13: CP-012 | B13: HT-06 | C13: Bloqueado
... A30: CP-029 | B30: HT-06 | C30: Aprobado

Sheet Fuente defectos
A1: ID | B1: Historia | C1: Estado | E1: Se llena con sincronizar_rtm.py desde el libro de origen. No editar a mano.
A2: DEF-01 | B2: HT-06 | C2: Nuevo
A3: DEF-02 | B3: HT-06 | C3: Nuevo
A4: DEF-03 | B4: HT-06 | C4: Nuevo
