Workbook

Sheet Portada
A1: Registro de Evidencias
A2: [Nombre del proyecto] (tablero [CLAVE])
A4: Entregable | B4: Matriz de Responsabilidades de Documentación - rol Aseguramiento de Calidad (QA)
A5: Documentos que cubre | B5: Índice de capturas, videos, PDF y respuestas de API que respaldan cada caso de prueba del tablero [CLAVE].
A6: Responsable | B6: [Nombre y apellido], [rol]
A7: Versión | B7: 0.1
A8: Fecha de elaboración | B8: [dd/mm/aaaa] · [Sprint o periodo: fecha inicio al fecha fin]
A9: Estado | B9: Borrador ( ) En revisión (X) Aprobado ( )
A10: Aprobado por | B10: Scrum Master / Product Owner de [Proyecto]
A12: Cómo se usa este libro
A14: Registro | B14: Una fila por archivo. EV-CP-0xx es la evidencia del caso CP-0xx (EV-CP-0xx-02, -03… si tiene más de una). Los informes que respaldan muchos casos a la vez usan EV-<HU>-INF-xx. Se registran evidencias de los casos aprobados y de los fallidos.
A15: Nombre de archivo | B15: EV-CP-0xx_<descripcion-corta>.<ext> ej.: EV-CP-001_lista-usuarios.png · informes: EV-HU01-INF-03_captura-informe-pytest.png
A16: Carpetas | B16: 03_Evidencias / <HU> / ej.: QA/03_Evidencias/HU-01/EV-CP-001_lista-usuarios.png
A17: Qué debe verse | B17: Fecha y hora del sistema, usuario con sesión iniciada, URL o pantalla y el resultado. En pruebas de API: petición y respuesta completas. Las capturas de Playwright muestran el usuario con sesión pero no la URL ni la hora; la hora exacta va en la columna Fecha y hora, tomada del informe. Tamaño y SHA-256 permiten comprobar que el archivo no cambió.
A18: Videos | B18: MP4, máximo 3 minutos, sin datos personales reales. Para E2E y casos críticos.
A19: Resumen | B19: Se calcula solo. No escribir en ella.
A21: Leyenda de Estado de la evidencia
A23: Pendiente | B23: Registrada en esta hoja, pero el archivo aún no está en su carpeta.
A24: Adjuntada | B24: El archivo está en la carpeta indicada en Ubicación, con el nombre correcto.
A25: No aplica | B25: El caso no se ejecutó (Bloqueado / No aplica).
A27: Plantilla en blanco (v0.2). Reemplaza los valores entre [corchetes] con los datos del proyecto y borra esta nota.

Sheet Registro
A1: ID evidencia | B1: Caso | C1: Historia | D1: Tipo | E1: Qué muestra | F1: Nombre de archivo | G1: Ubicación | H1: Capturado por | I1: Fecha y hora (Lima) | J1: Tamaño (KB) | K1: SHA-256 | L1: Commit probado | M1: Estado | N1: Resultado del caso | O1: Por qué falló (si falló)

Sheet Resumen
A1: Resumen de evidencias
A3: Se calcula solo. No escribir en esta hoja.
A5: Indicador | B5: Cantidad | C5: % del total
A6: Evidencias registradas | B6: =COUNTA(Registro!A2:A400)
A7: Adjuntadas | B7: =COUNTIF(Registro!M2:K400,"Adjuntada") | C7: =IF(B6=0,0,B7/B6)
A8: Pendientes | B8: =COUNTIF(Registro!M2:K400,"Pendiente") | C8: =IF(B6=0,0,B8/B6)
A9: No aplica | B9: =COUNTIF(Registro!M2:K400,"No aplica") | C9: =IF(B6=0,0,B9/B6)
A11: Resultado de los casos
A12: Indicador | B12: Cantidad | C12: % del total
A13: Evidencias de casos aprobados | B13: =COUNTIF(Registro!N2:L400,"Aprobado") | C13: =IF(B6=0,0,B13/B6)
A14: Evidencias de casos fallidos | B14: =COUNTIF(Registro!N2:L400,"Fallido") | C14: =IF(B6=0,0,B14/B6)
A15: Evidencias de casos bloqueados | B15: =COUNTIF(Registro!N2:L400,"Bloqueado") | C15: =IF(B6=0,0,B15/B6)
A16: Evidencias de pruebas informativas | B16: =COUNTIF(Registro!N2:L400,"Informativo") | C16: =IF(B6=0,0,B16/B6)
A17: Para ver por qué falló una prueba: en Registro, filtra «Resultado del caso» = Fallido y lee «Por qué falló».
A20: Evidencias por caso
A21: Indicador | B21: Cantidad | C21: % del total
A22: Casos con evidencia propia | B22: =SUMPRODUCT((LEN(Registro!A2:A400)=9)*(LEFT(Registro!A2:A400,6)="EV-CP-"))
A23: Capturas de pantalla por caso | B23: =COUNTIFS(Registro!D2:D400,"Captura",Registro!A2:A400,"EV-CP*") | C23: =IF(B6=0,0,B23/B6)
A24: Filas de informe pytest | B24: =COUNTIF(Registro!D2:D400,"Fila de informe") | C24: =IF(B6=0,0,B24/B6)
A25: Informes de conjunto | B25: =COUNTIF(Registro!A2:A400,"EV-HU*") | C25: =IF(B6=0,0,B25/B6)
A26: Un caso tiene evidencia propia cuando existe EV-CP-0xx con su mismo número.
A28: Criterio de cierre: todo caso Aprobado o Fallido tiene su evidencia Adjuntada.
